{
  "Random Forest": {
    "MSE": 0.031106702115693722,
    "RMSE": 0.17637092196757867,
    "MAE": 0.12304922274045696,
    "R2": 0.9464013437157244
  },
  "Gradient Boosting": {
    "MSE": 0.0409321072685897,
    "RMSE": 0.20231684870170774,
    "MAE": 0.14578769629694732,
    "R2": 0.9294715993897216
  },
  "AdaBoost": {
    "MSE": 0.09571036687194952,
    "RMSE": 0.3093709211803034,
    "MAE": 0.23864496155209763,
    "R2": 0.835085473293441
  },
  "XGBoost": {
    "MSE": 0.02936603865729824,
    "RMSE": 0.17136522009234617,
    "MAE": 0.12179348906245728,
    "R2": 0.9494006080564488
  }
}