{
  "Linear Regression": {
    "MSE": 0.07538920267531436,
    "RMSE": 0.2745709428823712,
    "MAE": 0.20460913708531991,
    "R2": 0.8701000206736427
  },
  "Ridge": {
    "MSE": 0.07538246234310789,
    "RMSE": 0.2745586683080829,
    "MAE": 0.20460105242269847,
    "R2": 0.8701116346579163
  },
  "Lasso": {
    "MSE": 0.10325735133581866,
    "RMSE": 0.3213368191412535,
    "MAE": 0.24274576589517885,
    "R2": 0.8220815802816642
  },
  "Polynomial": {
    "MSE": 0.04364094045576425,
    "RMSE": 0.20890414178700298,
    "MAE": 0.14703608378961625,
    "R2": 0.9248041223170699
  },
  "SVR": {
    "MSE": 0.04495412041614317,
    "RMSE": 0.21202386756245903,
    "MAE": 0.15053273828546138,
    "R2": 0.9225414368972535
  }
}